gene_1,gene_2,gene_3,gene_4,gene_5,gene_6,gene_7,gene_8,gene_9,gene_10,gene_11,gene_12,gene_13,gene_14,gene_15,gene_16,gene_17,gene_18,gene_19,gene_20,gene_21,gene_22,gene_23,gene_24,gene_25,gene_26,gene_27,gene_28,gene_29,gene_30,gene_31,gene_32,gene_33,gene_34,gene_35,gene_36,gene_37,gene_38,gene_39,gene_40,gene_41,gene_42,gene_43,gene_44,gene_45,gene_46,gene_47,gene_48,gene_49,gene_50,label
7.745071229516849,6.792603548243223,7.971532807151039,9.284544784612038,6.648769937914996,6.648794564576229,9.368819223261088,8.151152093729364,6.295788421097572,7.8138400653789475,6.304873460781307,6.301405369644614,7.362943407349051,4.130079633013303,4.412623251230451,6.1565687061385415,5.480753319498364,7.471370998892911,5.637963886718183,4.881544447997063,9.19847315338233,6.661335549270197,7.101292307031886,4.862877720679815,6.183425913212226,7.166383884564799,5.273509633866546,7.563547027518508,6.099041965121793,6.562459375310085,6.097440081655905,9.778417276763406,6.979754162893099,5.41343360656615,8.233817368154783,5.168734525043467,7.313295392507133,4.060494814180337,5.007720926652354,7.295291853803685,8.107699869993116,7.257052421784956,6.826527576417639,6.548344456616067,4.782217014448859,5.920233687407937,6.309041843560319,8.585683339328373,7.515427434352692,4.355439766955899,FLT
7.486125954092192,6.422376579375525,5.984616999541062,7.917514433261302,8.546499283743927,8.396920178674298,5.741173715166042,6.5361814362231785,7.496895147105346,8.463317690683539,6.281238643232065,6.721511535004274,5.340497538990958,5.205690063878993,8.218788733591296,9.034360042856235,6.891984817629499,8.505299346838036,7.542454037571451,6.032320368092313,7.5420934082626205,9.307054849698954,6.946260941335073,9.346965483721009,3.0703823438653837,8.232853756562836,7.130570602357257,6.551488974301199,7.137641164803253,4.018646628098661,6.670492168243732,7.53566885726762,9.216841067112274,6.222594672589529,5.787259595660219,6.247364434623195,8.373103176553112,7.493126664489527,6.205359694349442,7.769901149670034,7.14561632402206,8.452967485799334,5.946920359183972,6.508506780103348,6.411837770301764,4.804727577801822,7.444180415596864,7.391582908269834,7.0076701849636915,6.64811929993728,FLT
4.876943886924378,6.369032015851961,6.485928225209846,5.796584096167572,6.758071432500986,7.606076285221808,9.829278851815795,7.261866719247759,7.386325586084147,6.888331126350749,4.121843177051438,6.960229186826175,7.09034531491154,10.69486316872793,6.711458552828316,7.452321013500419,6.947932345442135,5.246982943570702,8.71423422177253,8.127899549030161,8.186547920564571,5.635918817807892,9.10419146640415,4.8972234058115784,7.880285640700405,10.285683438714969,5.514195512303967,6.150553405595842,7.1494770476314615,6.244786518825701,4.674004853400801,7.102844462209041,5.406544429410843,7.710388645952772,5.620863648649295,9.324901607526309,5.825120061495644,6.516907725691486,8.220275826054504,5.1537035253490675,7.341189901906194,8.960714131423643,4.588775148158159,7.276950787798456,7.389824191372635,8.172734307665966,5.144573933682877,5.019315080373586,7.782912348425347,7.445477009849779,FLT
7.375739275518815,7.519672314245463,5.979962917632264,7.348380545741505,7.439608709948022,5.928472872960448,9.798661766717135,7.710749381367681,5.2130447541960265,7.984830412950744,5.5379774946590175,8.180626905613678,8.737893368511106,5.7689765224724345,8.445064193866482,7.619171390404747,8.233090239991736,9.845189473980922,6.631917825995695,5.869395753463765,5.665728355561715,5.776284572551843,6.884347435878844,7.511727962224966,7.415036198995028,8.240774873554036,7.0195028378168605,9.180301115735976,6.603014750143066,11.080253749884427,7.938501021647509,5.714263665375576,5.393661252908331,7.723708622864778,6.664805822011224,8.071000741138137,7.709856436860317,6.890756631014691,5.729809422897393,4.727729162971203,6.330227571899468,8.284598191485209,7.321140616195306,5.131391831932018,7.259771388776773,7.577976069593255,5.674213845698301,7.230587658918292,7.087313077669,5.2855445532540655,FLT
7.536681040522425,7.841176789552351,8.624576864762915,8.580703078052355,4.933495948064364,5.593262440127316,7.77255290081299,7.770678926368313,7.772571529459071,12.779097235982082,7.85633576603975,8.703348460270899,8.431002645239804,7.977086876958697,6.527096133039482,8.138453830739902,5.840762178193643,6.644772089889987,6.2719546782563445,7.122811209079484,10.471987850010263,4.199102211112378,8.029390285561771,4.5809261932155225,6.29210220131585,8.63342589545105,7.096420028643194,5.38338283310604,5.927044436110048,8.019396623402013,5.904450052424295,7.324687884372962,7.06835775985572,6.022599478591275,10.215916133987989,7.950878533477017,3.962286120013589,7.279681472154142,6.007320302847418,8.278650002194336,5.811218892350949,6.827895337799651,7.757480918470685,8.298632791255182,5.199555389416336,6.498248146238577,6.287582033258566,6.020006151139432,9.648181360421646,7.607472566441434,FLT
5.108674068497432,8.376792920582163,10.18323429551895,8.54869789082672,4.72094505106898,6.273648890700623,8.900366723779934,5.938495801571829,7.665729142219343,8.161951080144005,5.609604292632875,6.9107119659073,2.138098989896391,5.463418537998566,6.62114777291026,5.128325227052725,9.448616955897453,4.85478793305905,6.339933269954525,7.196110865929137,9.161909933599173,4.846206773230841,8.74474562823244,7.015349591529381,5.527737023428074,7.693155211394906,7.298589543360205,6.099674684261808,7.1047031274850285,6.42202960470736,7.170276017876872,7.99319601178157,9.379025224218028,5.143276751759727,10.1995500619844,4.071868300716247,6.772322357446625,7.882475809726865,7.421487801602549,6.065950720269109,6.687816624464087,6.2604985980117505,6.115952864583683,8.274403145531537,7.535523228947571,5.960635607109019,8.349399813149876,7.460949281314914,8.21929317825844,7.944443262885418,FLT
5.7565074836168915,6.159728439704546,8.120940407684893,7.915555398150198,6.968647609053778,7.175991074963173,8.916497343682638,6.112642916746255,7.820646071755057,6.6967110213491585,6.67347819515917,8.648165277980786,8.238124523482044,8.220264454000958,8.958218210731493,7.031505762449139,8.022929456942446,6.534599865109816,7.486249528732663,6.804785418448473,7.1454939474890775,7.89273553815537,5.7726689751497915,10.138580913528191,5.4909739277504475,5.1787170808184015,8.737166310250101,8.187494040944404,7.936179725578233,7.94251826389642,6.981629840729628,5.654118442771253,7.113706837290589,5.984257432731832,8.462679600126627,6.779413927746792,5.761754204811233,6.51792123752051,7.6193971814134365,6.154413170794038,5.766669406650353,7.365530817237868,7.367449856663084,6.239585236943306,6.2934425415725155,7.348074906036454,4.8278734877540135,4.888804338435167,5.922333668121346,6.6798292724322295,FLT
7.466361348397007,9.213034325424328,8.286489434803029,6.7600922050548595,6.971475688145967,5.496205953043287,6.972230296011415,6.567012041619792,7.484077840507134,5.759153584671516,7.779019771361758,9.299108369503866,6.8368597773147135,7.602567583148412,8.03521598756667,6.398169292171246,7.336138722715625,7.0188886011726925,7.146514147823248,5.8404853242168,7.036765261388414,7.746997436868175,9.176715411692562,8.43890623912781,10.229773686267334,5.848978655667926,8.308480955081016,7.2750130086075275,10.28470439982651,5.787552571967273,5.740417236728836,6.1009110318339665,3.8141564135352897,6.211367467478858,5.861301007669454,7.225590679714312,7.512633963665739,9.814256258823828,8.425635757279075,6.134644516506396,5.652377992977463,7.737878757259758,5.019650189469036,9.74718814878153,8.769160181081931,6.296236521842943,4.430298206363684,9.030808561248119,6.828190232121073,8.856724467960193,FLT
4.608358511808449,6.1009374655693405,7.007865549577275,7.070470890647113,6.324901792781135,7.934274898521248,5.398569355926108,6.7864307724680595,7.180443447567848,7.771658251088123,8.067422317133335,5.313036862243196,4.698828743896566,8.916515232847765,7.498471017969387,5.87727019516517,9.326727963283783,7.173511951439288,8.76894577609574,7.101277722115164,10.09112188732298,9.633011263664807,6.62655377728139,8.457356426431533,7.968063924377722,9.052947336298523,5.552614809129843,8.02907718999766,8.587636730274381,4.361890770365329,5.225112231001337,3.941151733359849,6.595889748333163,8.076313383693943,9.253535578144042,7.1111421706296625,9.442923318356938,4.929847812677663,4.4449263409672675,6.916678451655072,7.576098173408961,6.95095787785886,3.898836849940185,6.8663199407308175,5.04329574924272,8.004508823245057,7.549897369145272,5.590180320508967,6.22919962399496,5.411179717166572,FLT
6.905981354090242,8.432713480751858,5.5214109304966845,7.756069773276766,6.204613572441339,5.810690751606484,6.839454460068163,5.447136516370939,6.169526041979227,5.203183161116727,9.947087699374585,7.052895327957593,5.950411738011121,7.320969866101333,6.831507925463756,6.668545600700165,7.9212500500651375,8.136261565070958,6.204248278584209,6.13627263903298,6.587422454272534,3.547118252896623,4.727213406702171,9.050311401166788,9.467451570251924,6.626445940665432,7.864835444583649,7.466875231815304,11.618321212682856,8.679362367151866,6.80812361277885,5.566689339099361,4.590330519613641,7.305195453800835,5.865473882073545,4.866619435603489,6.03014067363621,5.3776779945784074,9.530712452608848,8.322459635424176,6.988041038025074,9.21991620833504,7.116052461471427,5.708073698007604,9.284686115904485,7.8083650655269885,5.444130768510315,6.714491982874588,5.686572619922864,4.925800403553496,FLT
8.389266321297463,9.864124960705196,4.902148639271289,7.844453855035856,6.024036146317259,6.269311924352956,6.111409113641696,5.704013845480276,7.072782441917241,5.753574825383444,7.405685238669758,6.924642835826295,6.641577929700386,5.638654506937604,6.134843004147501,8.133086838738635,7.751375781436571,5.533667132802173,7.148998458143839,8.127080685057683,4.495892078317942,7.815040288569903,6.00606436158123,7.855898002889739,5.855111265186225,4.292676849003222,4.558686343175256,7.072127419992073,7.389583752582222,5.643525062343388,7.957888688166061,4.50771990659656,6.900880302029025,5.183475700356315,6.022245838296762,7.071098006974621,5.709379952074071,6.423166683655262,8.509439213821661,6.134662195715277,8.253538168097712,5.305439718013573,7.794706266872924,9.16235293098685,3.292533249809066,5.804657116794285,7.86560819077081,6.695431920935511,7.556718810056963,6.094022219926269,FLT
7.12988468120935,6.766484146911881,8.75167309248971,7.381631264951819,7.506403993112803,6.382184550816299,6.26859066389126,6.351162718270569,7.591678213567445,6.368523278769605,7.434662285344619,10.113101197968158,8.306687055147538,6.510964701748239,8.801820883245917,6.387886940467673,3.942813197233219,5.487870533623894,4.193812118461216,6.4727297739380365,7.027627568784328,9.514655968412924,7.490391060646244,6.6713492067867035,8.244108371775233,3.683297036488172,7.353421837162849,8.15629779083045,4.782120631330238,8.715631064810394,7.5077446112416215,6.377068129148798,7.949172799159427,10.406039286706594,7.272799382587743,7.372330879450504,6.310958650689634,5.725233445802813,8.245503724816368,5.715874261136699,7.107349355829089,6.283513829852325,7.7184697386195875,7.500493157930422,8.556309916386848,6.23497540171788,6.595187597059943,5.5318544263265395,6.333560109885832,7.5659507395672785,FLT
8.135482924968027,5.616752013733562,8.30440888015849,9.033456788207427,7.620152354835551,9.815193718837099,5.839316201344641,5.133017945032874,4.331919626643582,9.244066467233775,7.9815484845310865,6.916622993634317,7.419952939479731,5.311766429052435,10.66862796942524,7.193831772962842,7.164092191907339,8.088649935848037,7.7215138476050695,7.335826036418697,5.814288316832032,7.707202535703994,9.82303674471255,9.018130069232466,9.389779939959094,6.233176485353223,5.5155927696121285,6.8113196198505275,7.083587368433042,8.641287277706423,4.461303055427771,9.29432547919092,6.762988152131516,6.35967839507887,5.481843437109749,4.517714992201346,8.234755875942872,7.109976950782606,5.065058650388419,5.057381841904576,6.4963229510648075,9.503532287934089,6.610612972954593,4.7452855703228405,6.631385403871084,6.590914645378494,2.9546700355876423,6.918557700223282,6.653598204686983,8.044309547220127,FLT
9.773434142418019,8.689847544321637,6.596666964167754,5.340211136887494,10.86003970487479,7.088827651021733,7.0208939378694195,6.963812369334995,7.297127141151782,6.783459382114087,6.139506989679646,6.179711588139412,6.950870094676002,6.184862843299353,5.930731325984254,7.159645341537845,6.617534173868717,9.255989482874032,3.023545287410482,8.637260277883692,8.869127788746443,3.889914651387776,6.485968608879476,6.442838701006313,4.888732457923268,5.833274968613687,5.334136231801256,9.628405665135434,8.403517589721192,8.907332642491237,8.082508096064853,5.306422343174156,6.21321960058034,7.734061841841877,5.166808286662082,8.069497645258583,6.639511902762798,6.437768788675604,8.066439952305238,7.66639496722906,6.45855075127138,8.738994705046371,5.378405008600154,7.923903410416395,7.889651886952576,6.535680341029015,7.489199533363177,5.123329635422046,8.386040528810351,6.722646795335517,FLT
6.215915469221441,8.573513838755334,5.943484464185861,4.88730805545466,4.665056239714144,7.909014927018459,5.079355971255575,9.632191272976547,3.877105888174417,9.544684552435058,7.316526200803928,6.854930332194411,6.182621369786576,7.598704171528106,6.943547946362727,8.654952823024782,7.17134147299306,7.225452642192816,6.454581681679216,6.914581564418399,7.461702653338088,4.434747411015062,4.9777218668414305,8.114896141034073,7.256298157191913,6.724024995470981,7.02765089959809,7.521372558042507,6.190360479535958,5.832542911896531,7.293767882646522,5.532440833577452,7.612379133571707,4.44612459364324,8.543733455988466,7.708896223619565,7.384044601470814,8.474036475918272,9.498211666693866,8.521555097527196,4.238688653002532,5.080634549896448,6.062772133456482,7.039136575316251,7.776488530703684,5.911384280269802,7.280150146715617,5.866925601470016,6.082723295512078,4.890008354727667,FLT
5.615150130833643,4.9724730915755,5.536190120534001,8.580462694911759,5.5759016667520855,10.948573097256087,7.739976851321334,7.2772541855423105,5.7124633297281795,8.050464819113486,6.136543260643339,7.183014721968042,10.840126807403191,6.855910150413025,8.723909989428513,5.945235362311169,6.947517264254557,9.656200953453265,6.059549413318349,9.718672836995394,8.061627903183213,6.156299836158599,7.948611608583281,8.458831674440095,7.932714943325795,4.644662920164315,5.9092942362626975,6.628722046672743,6.88834985634993,7.9310081463260165,7.2665515013998805,4.996983461934848,7.570296776508945,7.915878617925735,7.83968567189656,8.621171088331932,8.250883231823355,7.688770118842655,6.894751432812029,4.508558599726013,7.644427328698879,7.311531530744666,7.4073682557930605,5.084877136269536,5.378415189387606,8.579729279999356,6.940667269215018,8.022251046058937,7.042477564195692,7.044634209243617,FLT
8.407425708963997,6.225932907673939,7.144181165411475,6.306587066942436,6.348255658851526,6.536241814797041,7.333200657450569,6.281877067504784,8.883634188360281,5.658089046670744,6.719692533757962,6.340403412588738,9.1704668265306,7.294832164767362,8.547766809202953,4.771659440444542,7.4005753988038885,8.334446193435156,7.123425983913136,8.598220562598026,6.224067324849441,9.11402116027837,10.448347185428876,6.455742159340511,6.331746217898842,9.180076715676552,9.36935821859607,6.2157099592700975,6.369719774356215,6.577323086709239,4.9833242334485846,5.622022080273703,5.493788849871898,5.848303652343807,6.947972668919828,7.351322098804781,9.325750739221116,5.5024689388918135,8.476483597714875,6.6790167336617365,6.925804435521351,8.012229238249905,5.315916967656552,7.573614619276076,7.249678312319584,7.738676896012223,7.433752965861727,10.682950209866341,6.043390023623026,6.203504567497274,FLT
6.065289210362853,6.166784321259618,6.0439193090402235,8.783524796661327,9.130756371984782,6.143880559375786,5.751466640343657,7.707123334579606,6.171665433578543,7.949397726633266,7.304384531276949,4.7263838275041525,9.321257801995092,9.693816509643282,6.080816964273421,6.418447660096024,7.428798086087357,7.501685184980538,7.987816409009246,10.015306808149525,6.734579158758926,5.802554133192319,4.9310211579782095,5.9036049400871216,6.950309540689305,9.691836795276682,6.223583051445743,7.335681927458348,6.975365655890872,8.782589910172126,10.790398638810434,6.203696840619519,6.265840836222667,8.566241315603609,8.022837234439468,9.770060988604051,7.875892277988946,6.461061863819411,7.885982246038464,8.663055370874362,8.230723271796046,7.760911046660946,8.600012034383731,8.75394338566851,9.07323848655629,7.973064831384464,6.749322879524718,7.220070529649984,8.809763449762535,5.774596493519146,FLT
7.553009963309352,6.409991781508959,7.043117234402226,8.917677793910947,7.286648602029855,7.069654822234223,4.960215788530121,8.119380349040831,7.968226271711613,10.24488208495819,6.538332647570499,7.328725491495908,7.374075525566133,9.366179919645212,6.857056701419572,7.418532288655509,7.911844764574809,7.279913684734537,6.330349578174207,7.291134989347461,8.610447624789657,5.460227050883409,7.199454511220314,5.94981877759124,8.792569943387264,4.715219642824338,6.161617229092617,7.565817812596781,9.34828604385151,6.901374608390518,6.167200709960202,9.821735604160885,4.8279791493756345,3.701791065069877,7.6600216750799985,6.246918663471083,5.46815077430393,8.06253467094903,7.365701070656798,6.1538820538949075,5.079543401993659,8.308685992420218,7.975301766937991,6.851236204330926,9.7699554940715,5.394872850510771,4.711712243612892,5.962137895178134,6.931620975466753,7.3650091739840375,FLT
6.638145913215505,7.528083094771445,5.122690863714334,9.165646906109888,6.876773232411146,8.675943747382192,7.5140880195665565,7.685129828730676,7.8546509203483055,7.671562840025972,7.964084139801316,8.993728795198647,7.294781754552205,8.063505636382768,6.86539645856916,9.16017582317421,5.985411546911095,9.701410649366224,6.939763074033485,4.853837346822928,7.192156622366184,5.978422513787679,8.260965323483086,6.021064031046413,6.33072485017783,4.165688903581703,6.321540521126385,3.364181010056565,4.624145764771415,8.140621984216446,8.178700237976248,7.6381863426774474,5.549535785306181,6.92843296578703,6.994596191364147,5.262452966211185,9.255097452650727,8.316043435863508,6.668553739255504,7.040328758491796,7.312574211921329,3.937397697363564,6.629233926219104,5.977023628003302,5.497569985157627,6.578349560671068,9.696529790274283,7.961264291900514,6.143231515325805,7.858874172034238,FLT
9.099033154879002,8.386950524369153,7.089445554880261,6.029594833441639,8.047334970420385,7.590228078132625,8.342789830041598,7.9527577025229546,8.574329072979003,6.1971471826591475,8.976091098451489,7.296399407038599,10.112891308937899,5.966218272865648,9.603945704747874,7.296866175193972,6.022872994578328,6.274171248918518,6.519479037708519,7.636248919602875,7.784253232053249,6.139449994092131,6.963468111608526,10.213405537917795,9.591314755151068,7.654485504511048,7.057005217252301,7.1800469900773916,7.9202769590956255,5.4658111522023916,6.613935193864982,4.497123889183616,7.598834683907919,7.970793909554112,6.275220306550939,9.360980144935048,5.161351505496488,4.80343767968527,7.336677727839958,8.570647453918232,9.525891537186803,6.31167360569659,8.618021250146944,6.9422372957489396,6.74105905008877,8.325489906230008,7.978484317620129,4.635411764523626,9.214810524588843,9.070137031221178,FLT
6.061655947735706,7.593705300156113,7.7410452794241085,7.391010648735861,6.174542269231869,5.992564948092923,6.961668893512832,8.759093528889046,7.8154002318916485,6.444078501870841,8.157548065972517,2.727186069054887,8.723148550558156,4.39042933183285,6.456338587895302,5.320495158060784,5.0579777864186415,8.741240181067779,6.298448198032163,7.519755822596074,6.929619131681224,7.715561240834682,7.115232836590383,5.075511663717146,8.49440022917071,6.259365125258031,4.665127152010373,6.357827258551131,9.251139685951467,8.275332613170239,6.477021798388211,6.476113443522356,6.5175474231739265,10.11512197534126,7.57290317834733,7.645062470786605,8.545425181047763,7.35818373853977,6.611436781268945,6.705475226372533,6.892598110878904,6.944166645235238,8.091444315455469,7.077918828710949,8.098960115823369,6.878925129837127,7.117952785474136,4.002698973201839,8.374491512053723,7.519732713846989,FLT
8.497015164789477,2.6556169327094663,10.132562057171091,6.790615557767239,8.662274225106275,5.440141109311703,7.919160857593854,5.419876655239516,6.064346558956292,9.87104703080018,6.71397639885498,7.326149309769584,8.305101596033131,7.743522831958907,7.225628357715364,7.547441503699338,10.605123377857414,6.913571804449622,7.301648570072452,8.575981594011418,8.658288899436975,8.78054545834057,7.958095333043777,5.285492630904274,9.450147298451643,5.280481910471968,7.453953197858549,5.868586224970963,6.9037924801105115,7.493143615455221,7.482035823175409,7.632881131352927,9.420566903587972,7.68030145227097,6.633765047064027,8.446130752432536,8.784205733386962,5.158588277294511,7.896100104774787,8.051759113466348,6.553654744960012,9.063560219967428,6.77491661945121,7.188364680207314,6.740392263574195,7.023368571372202,5.355587369657197,4.839923676108558,9.391757594837458,5.729557977522508,FLT
5.512911475815539,3.769914829594428,6.041557378465747,5.015365309888752,9.463022740204554,8.514725634013951,5.9677744822334144,10.378653708016463,8.47264823048739,6.512752924737066,3.2508914276896403,10.436413858886112,4.915641299854606,4.531901879564662,8.53385564801446,10.659628609508909,9.076409227765778,7.84586368007854,7.892131512497929,8.280123338170462,8.138392884680147,7.421787135954064,7.156301655927814,6.9061103081507165,5.869053116699986,6.578987384699839,4.460564778706922,6.852490559807875,5.517113339273624,5.344616024176344,7.269841226730218,9.088003429516899,8.37747490900347,4.644249094565234,5.515557795144494,8.411156781982324,5.5262689096925355,6.663050275004463,7.825078148536828,5.547483317704547,7.15806325921894,4.998961757622693,6.097948534073179,7.479672901213806,4.6105093997024955,7.660712106940599,6.970543301609978,7.828734931625721,7.335871201096992,9.046210644960766,FLT
7.187836753971861,6.355891688312121,7.183446254548426,7.814947043554582,7.073290105488557,7.060887536805824,5.947012468289866,6.0056486236735775,4.89609209230046,9.62436511478041,5.1342051469130725,5.960642203306139,5.922389101646203,8.342386565416662,6.557575482561958,8.871613109010601,5.9897640636341976,7.418491243335703,5.746979420110364,10.217723691660083,5.218602371455731,7.464731065340541,7.950665321398148,7.620698646177248,6.722068511683437,6.805268950399861,7.065717207968665,6.779496997557267,8.445818675192365,10.315784502387027,6.16376232248825,4.945295530631383,6.8675769274731175,10.869564006481479,5.794488148045404,9.4586752081661,9.51655122111466,6.169617637438008,7.853474618777913,9.442594934692806,6.43130838851877,6.694629459846458,6.127478629077034,5.4778649039606995,6.026083682400989,5.164089599856615,7.051125202388839,5.845040153412038,7.350678867686121,4.666156530694559,FLT
7.496320348321685,8.250293442413387,4.009396536142817,7.561084854771358,8.841503488709938,5.185538471963191,9.508858580256554,7.6285285140490675,5.942482216362387,6.916346383513441,7.837490368782584,7.114008087118617,7.808133988669554,5.61898961038095,7.254041236054117,4.87942825464253,6.83316090797695,5.6441385378028155,5.89670508611535,8.854139762815656,8.636965180891403,7.913707181360765,5.361530852991132,6.525387325457797,8.819646549968775,7.212575370459857,10.478994309972542,7.589976759091558,7.288073674735047,6.536325303696248,7.200311357173423,6.771295245429184,8.062163015032885,8.435053475191875,5.821015809238076,5.003150569663333,4.245691940345055,7.761986990368816,5.344950090739189,3.7706641105712757,7.582867906796446,10.739499276149186,6.99089363269016,8.257736161677464,7.122744037821348,6.851665520213286,8.378614724481652,6.564588183717023,7.401088471107855,7.48254670929402,FLT
5.997864319535427,8.488063524304785,6.737560364956887,5.866382260760733,7.804764765355605,5.652298027313444,7.042271736053692,6.986321505033695,8.628843348747367,7.7120473493199295,6.962459561882284,8.22664944880043,9.08531132352597,7.8367154595277935,7.015528929765071,5.032245651474761,5.402329505386941,6.542162943467998,6.0857316967610755,6.7195430455218315,7.084974887345661,7.794539131535096,6.894251832911364,7.729752465739303,7.096711622215181,4.036800150469193,5.590996909271869,6.783868666417577,5.185457885738339,7.899893094994306,9.296126248515545,8.828142777545974,6.679835693604688,9.236089205274927,7.2230011858031675,6.494371043322941,6.079896004688591,6.546295470267808,6.417734772188156,7.255624333563231,7.240860971574797,7.004569030230122,7.655407254619525,8.785969412179512,8.424331203161985,4.772653047325145,3.169118297647068,8.40147986685891,4.949681952376869,6.662851897160975,FLT
5.244830460910961,4.297029343629971,7.812194092307182,8.138732740453971,6.135234398909921,3.113436561782635,6.180633327621276,7.58770600810382,4.781632646838807,7.275039879668734,6.977035226240507,7.8689372494016325,7.17937055262123,5.540396588677667,8.794857252496737,6.762205640459545,6.959043190735102,5.600098061390206,6.335076623212735,5.672795928959649,6.740580910114866,9.567562720213516,4.942148285602966,4.579657903184888,9.206755491240413,6.686014484272201,5.996390892010125,8.559857031094115,6.091576690394704,9.739014570320403,8.016888807008904,6.268132887781446,10.235962319898256,6.091427615494992,8.11314305801396,7.448938870609738,8.952611934098197,9.342266795090278,7.04800622359865,5.869873194480725,7.689958214408675,5.983426945371841,10.020080871289935,7.204802996624106,6.452017673031837,7.277020458797363,4.979310565705456,5.542578942234023,8.800620861916638,6.014658581542906,FLT
5.42963352597709,7.804979128790929,8.778556231994495,8.0784299659976,8.494071528708725,5.864807367145809,4.867283999887235,9.25200047793323,6.515980241736797,6.623750475317429,8.992291212773587,7.83434501410099,7.683831658122411,10.247503517351626,6.034722654429785,8.391760192121856,7.085519687345627,7.402888418294886,9.292702639618797,7.761753634434435,7.807444118574449,8.608761005964704,6.452570905685672,5.7411854989914906,5.43278620896845,4.050465115935998,10.084310694910483,5.345187451417475,6.6681195646213425,6.584780050166619,7.461110046713651,8.223605818808945,8.290710232539618,6.125383842146592,6.749317429320382,7.42386992573245,6.62696331072468,9.411018364029989,7.7364624274573774,8.102316679074725,7.994321903001119,8.760210786227987,7.27153233805556,5.05475207806623,7.599531927628963,6.022964659312256,6.207074977375365,7.87954602813264,8.857424607150453,7.031907365104092,FLT
7.463249518898445,9.553322416952856,7.361129769232853,10.902524671270593,7.848264468447316,4.358855861266274,8.130012431656798,7.571737577324167,8.934629131124119,8.009772026904937,6.792316024024339,5.163552645565952,6.686465114070963,5.72421931868605,6.129214825292916,7.8828676066309145,9.50485675652711,7.592007294734472,5.2061754069472235,7.666904002330211,8.794947229968477,6.085325643520926,6.798974249990623,7.022032292093796,5.82265253037664,7.972420650765788,6.818577777088327,7.629298665860541,5.66876173329685,6.343812549514884,8.083572036741657,6.440750271862349,9.590445776850107,6.400545721578096,7.337027088627829,8.398886247809635,4.872451400600452,4.358786782028837,4.711515528144858,8.893876155140774,6.172212781161329,10.837298928502378,6.153628602013917,7.276826954795555,9.313164928851814,10.009139332238684,10.092255364954596,8.812549345889714,8.536093788717194,7.888790423801774,FLT
8.167541614249956,6.1732214255072,5.772701674866539,6.994938313883572,6.744723066212607,6.320157926009087,8.044581171185072,8.432957812855767,7.132610329437771,9.216295121582892,5.287466328799742,6.709510811080423,5.924766519095792,4.20019507439041,6.875978971235951,6.8173787374250745,9.270174614863198,7.946217526832166,5.463719763506193,9.781138849501282,8.83155054328803,7.873146555202924,6.660273851725252,5.5608411449147805,6.4416898358934205,8.63312292955628,9.826879458901914,9.314865292408284,6.266725867320589,5.320573850066483,7.211329370366806,4.347340951655722,7.484751571277172,6.778596120551997,6.300945247197637,4.6079453990998065,7.770400159854574,6.200948740507133,5.245124746434568,2.691606680077526,6.958727642424045,9.658377395004617,9.491888821821805,6.314355615120592,6.096681909457329,7.703161384112535,5.502421841217563,7.452687849729199,8.149120417577036,8.840399835826462,FLT
6.849768885280071,6.694489374734551,5.683026119865159,5.7596794689402095,6.66028166214771,7.551048260224267,8.370376939349875,5.795231573979483,9.239032853439284,6.593314598436147,6.967949058477346,5.879182481278265,3.363639609590588,8.326068094541574,8.10526584563865,6.57800866432268,7.100486075837308,7.773908826556149,4.656181214670186,6.206420983980558,8.19139701943274,5.118565865246126,7.440336898249944,4.965127293064892,7.699644973650289,6.946537776553774,4.577302276141736,8.747109031685756,5.898112634802926,5.7846213444784285,7.300853795846415,8.722956024143073,5.476267271532405,7.092519774771957,7.643224750495859,8.039658410894717,7.2646623329158375,6.449458241375017,5.758614669026921,7.129215824569562,5.39179148202159,2.6179742747580885,7.654839706236501,8.355902261629293,3.455601346687242,5.485403942935093,7.928731391507797,10.086243204567548,7.031190561513112,5.907995588156298,FLT
6.72565533834274,9.062314628722277,6.031053731313197,5.801211990024619,6.275884716726951,5.570007087611931,7.184005473992193,9.43701768770434,7.484618909674044,6.621469746810568,6.562283096626684,4.655213786955015,8.32466466572074,6.883244204480797,6.729280129614062,11.789661351767291,7.44812936254853,5.872313424857223,6.360463605691685,8.722668563795132,7.1699056158066465,4.84258303252395,8.378843401862806,5.997783871691509,9.809946664326318,8.620072098571972,6.329017156511873,8.921524542602668,7.101783265791105,8.27916051268333,7.727099225941712,5.73046501751369,6.034675251523807,8.544941226371742,6.497837001840189,6.394527305137005,5.5673161309759704,7.635398598390191,10.093787378864718,5.398700628618591,7.036329185009137,9.118330833123144,6.880537913131428,7.678557694374601,5.40640970777968,7.6424606458114726,6.719283602493177,8.478594993519794,8.781079077347126,10.88434546302792,FLT
7.869449759820363,7.48869447487325,7.291576452366004,6.470250560783968,7.507725765192537,6.556897884791455,7.252691464404421,8.976396303411939,5.490186152080538,8.709817841693567,8.975672601009798,6.822897209513382,3.817217651487108,6.0882670193583515,8.945491819841664,6.965697906551677,5.501046651557633,6.242837618157674,8.260930039756829,7.8201003523020685,6.641601851245459,6.449763382277968,6.412362776434267,5.616384723252246,9.423063534204163,6.51651929618299,8.825737781238244,9.281974077883678,8.497466347221941,6.352569530922928,7.605595135504914,6.963706590413626,5.644447208904808,7.486538922582405,5.231440313260296,8.781519082692345,6.30307405405241,7.301739483809259,7.424931807319213,6.611642539443884,7.880040702212912,6.287644515066213,8.306945946185866,4.981030479629878,7.189569369319618,9.908393498587428,5.499503013091638,5.983382544212723,7.770861774488372,7.269372672909397,FLT
7.525945148910338,7.733780695221495,7.9520822028426545,8.664549762934335,7.6147279853927685,6.638113518072187,8.008860551804098,9.849822902342822,6.801049380426139,5.538206042994037,8.660621003930459,6.819428254069603,3.740995680978946,8.271132515725633,6.197007721069116,6.864200076543759,7.497970495853522,7.2857495196686,8.064177725708559,6.346770444145235,7.769658697264124,6.610679983624125,8.108215721331254,7.92305122601958,5.596841946933107,8.628973174262548,6.196054832328928,8.212086697421718,7.550930970102011,9.757275515192685,6.6648010264422215,6.4760248058227035,6.970870591168401,6.545230325748587,8.199912852913075,4.575534087345118,5.419476371280469,5.39829561763121,8.425461387960365,9.565920058872887,6.843326172193793,6.746767415214984,7.105078244669772,8.742817453912286,5.608970298714139,7.357553474102177,8.462796444673645,7.751641254909768,7.284372424898115,8.501569138850712,FLT
2.9451515605011442,8.016812979296361,6.0188864753088644,4.254050654715314,7.766803899287471,9.060487817744438,6.793827228058462,8.429311820804408,9.418417386982968,8.972371680376071,9.459946794057089,8.113191236607838,7.113150458352389,4.597051282154247,6.630906267805077,5.735130107025713,10.25641407624672,6.736171281351495,7.184807210176729,7.8272280640607015,7.06540366955868,9.542576560646129,6.066025957398322,7.2919111828558645,5.886294121452927,5.019966233168941,6.082346363642072,6.944444804427382,6.35604666322411,5.961368530189216,4.890523804492249,6.875341641056957,4.742919438953496,8.140083945534403,7.123659629401755,4.8136727508026045,6.536186384425205,5.871765391614125,7.478761765628771,9.010675669034717,4.187241295531383,7.172539118721126,6.7598008066500395,8.007010114675698,7.319794942356534,5.872046002391771,6.521419096500073,5.805961214794767,8.614010707897897,7.031967473007914,FLT
9.851786028629512,6.909008779278069,5.937389849634306,4.729428411080759,4.295290485616082,4.623796085491765,7.400689976517225,7.7630875348449,4.628213946951799,8.342557471114173,6.2754084224748405,7.220189517978324,9.418330942383136,8.345258973798298,6.597204028141252,5.663211661877069,3.7722768980060426,5.92127002113637,6.6833046417584585,5.519230709273224,6.803114549361543,7.115277824438152,6.662716027287882,6.02499612876481,7.2529820079500915,7.662910974354114,5.364401383835731,9.116398569619406,6.852117801573607,7.028274434417272,8.062321634884835,7.349824196895252,8.429704950869867,7.430686247802736,6.0813439380393435,7.542255287809152,5.2844106890190075,7.162839558664785,6.950155014033308,6.687824714091191,6.807193732841604,4.1772264317535415,6.176912638388558,7.1392673517116725,7.239784587996101,5.458487288611063,8.898561761297051,5.7007377276782485,8.454185800790105,7.640791542807527,FLT
6.0306590352342955,9.662966338914268,5.2095447523652805,8.378731260415002,8.500873477064466,5.994069686385033,9.088697950096494,6.6249302281015705,7.4330404439197855,7.390482758156831,6.798536887794178,8.216212409739674,8.19023308082832,4.377202040142729,8.956510364317229,4.506262017946488,8.548819306512486,8.690057705241376,5.363550354677203,6.383778568068123,5.341442997271097,6.677618454566897,6.537948573721388,8.16949079840401,8.965463119179413,9.093525716184935,6.156747960132547,6.686167189383208,4.4748427116685745,5.791194900255717,8.447277449646187,9.423374235322347,5.148476692180116,6.1113036112706585,6.96039136456161,7.42024173822941,5.785594720117531,7.636091566696135,6.289240979393626,6.9783215936825815,7.819426372005549,7.009633404716407,6.345421164210147,6.835585294111254,6.867455561191997,6.444983455176809,6.611805905999346,9.397970755757076,7.841379171911858,6.556779522956259,FLT
8.045431606766103,6.499270765365985,8.759686956379962,7.554463288297141,6.839046783993656,7.671575388715416,4.6436857718972515,5.309848796635292,5.2091124904014166,7.21441464214556,9.598772499227637,10.34695021928895,7.957076652161136,7.751266712416685,4.298413398770892,6.185989300398967,5.818324372137642,6.068728602623326,6.747784272122816,6.291864133454309,4.0310502844363185,8.121865384176301,5.39088546139029,7.3588702961667245,10.11112400462496,5.620923112620365,3.204568715880505,6.570993667179834,8.651439452497856,9.93752118133089,5.155675608321374,7.745048834854782,6.30203431482992,6.841077468543796,10.966515020525552,4.745544507407271,7.38060949224186,7.70153975764815,8.62867948740902,7.1469747302063436,7.462075809256153,6.412527148867313,7.403690411867661,6.485211586753884,7.932357834784076,6.445584495934549,7.56565059085328,6.956105779472533,8.689075376158252,6.922909414617271,FLT
4.340451297689678,8.892882251070988,5.641401548706072,6.019350492026771,6.106508058934762,9.061657139756226,3.796488679031957,11.70662280048999,8.584085213599078,7.334858371193739,6.91765899907557,7.428331112286485,7.781683642569007,7.967823378925085,7.833406699005173,7.134371021882873,6.7039923695390105,6.773090074519732,6.707637579470979,8.700655145300598,7.890335083421293,2.58941704800358,7.9838511647946415,7.292104292078163,6.971936865331154,6.417222320366672,8.68616907997902,8.421289693184287,5.840683498264586,7.610578430686803,5.542514898188071,4.930572752816604,6.059924163115053,8.293590208574138,8.42968756806413,7.769628130145939,8.087643680271995,7.774267430672437,6.037777607165571,7.647883817010911,8.200614287841523,8.131436994720362,8.783370057211965,8.062455770801595,7.527172311312374,8.605225357474641,6.96021811112641,5.677188023158424,6.755399554084354,5.882646032790326,FLT
5.987232587538427,6.783221993926723,5.811370118500058,6.53805770554144,4.159577999569322,7.319940561059408,7.001808213043336,5.7743670533977145,7.988868502648607,8.406355206439837,4.588660203446539,5.855912832150679,5.846286475319053,5.590145348336703,8.244212262897623,6.709260791840794,6.603227738034084,3.99420645338987,7.95312704531384,5.141112407719791,7.089898945399493,7.416065406937287,9.040987893757976,5.036769401321331,2.470731766268762,7.2757743171305425,9.700766772266281,8.858419529409156,7.314489122911938,6.262545721551929,8.210683894955965,5.539680700443297,7.714536654034329,7.75820523874994,8.59031486124832,11.139490058366617,7.5886239507681506,6.236554561438751,6.961638531712008,4.346386142666322,5.957930303366412,6.386076342830344,6.213867403098111,7.228532308050583,5.766370101426699,8.681546000986707,7.000310597377296,6.986049518292078,6.508157925230623,7.232786025788469,FLT
8.237647397001453,5.699304676433649,6.012825266387115,6.544410956835003,4.981193614790177,5.771113210417753,6.285668689683011,8.311583771069092,7.393841993502887,7.2903848670513165,8.276346943251959,6.793942317400905,7.5856972748933345,6.8451673706012555,7.398043524099442,6.125862013582627,3.341774262585356,6.798581256720544,9.13412220414991,8.389323103362388,8.448096226886756,8.854196082709327,7.132986386442156,7.295973561108394,6.073522156848474,6.5258907159594255,7.923656724656713,8.805826655753224,6.790830586478501,6.324716102722883,7.0007919382848955,7.901810123393672,4.834217775799687,3.555728570294143,6.174194725762625,5.168931361128762,6.2377897035290335,6.778329521773792,6.3201273864654794,9.178701301706118,7.49011714690348,7.450711539416242,7.933310716065103,5.291750323328847,8.558667681130403,6.88635357019681,8.00572092586182,5.3922141504397665,4.669361850975903,8.226834487037543,FLT
7.564614289146275,5.646922668463734,5.695505378087958,8.688152176622154,5.2158821606990085,9.464009429883944,5.649068898028197,7.957587888412575,6.507072286376523,7.904781146623515,6.183828996828711,6.755810640891559,7.061378763093582,5.496718816327791,8.11123651813019,6.230179650292622,6.657100126989972,5.508475938087232,3.1564995118070343,6.713458356099746,10.618923132419374,8.176906431847035,6.971109430398408,6.605663756187599,7.0336988392180695,7.820678672762815,5.228780777036732,8.671482542003307,8.073071973161866,8.077278588561901,7.657713608214591,7.029424986540985,8.00929185395023,7.887721200612067,6.468938933588464,6.139597340654649,7.15278444289298,9.323530227242781,5.141339386519149,4.79871210137134,7.247141261854775,7.076331552784027,7.260012496555612,7.36592979686275,6.665196618047792,9.234795157903124,4.598644032285227,5.757254462829631,6.845117859776429,4.5352167832687496,FLT
6.736218393351893,9.492205248592027,7.031329732443942,7.346051358578025,5.1097528522411295,6.075457887940784,6.437205429514094,6.523427354865649,8.922465692505654,7.836536591087687,5.332813064594452,7.369757167648007,7.747332622745178,8.7102235577819,9.370811029852561,5.477358712258197,5.783713733184493,5.113633211628075,6.6489702113395275,7.699537561669501,8.481001774883653,6.886073464536216,6.520228715117734,7.227636988373111,5.747285647554966,10.13430808254216,4.588508459322912,7.277110868343587,10.035409328844459,7.010199766839997,6.7149414474977585,6.463831865784359,6.729412477356388,9.059272712014796,3.6822071330057398,9.300150551944489,4.864064271324782,6.600021506148378,6.3561333695520075,7.88282990465608,4.602813472174379,7.693258999122914,10.036464434930279,4.955238993110784,7.284559251415594,6.007026733305087,7.638830809289553,7.028721666123628,6.037769636433536,7.7318084273066106,FLT
9.706522164680115,6.713644312409052,8.079636913222274,5.0600905631932545,5.565345434772987,7.7086094168205666,9.226174042803947,7.53342002317849,6.530412954215269,6.998937108135031,5.124388399045424,7.90677298953305,8.323499593485113,6.3218645007503795,6.294936778360748,7.398817344478073,6.3449203959391065,6.900801078061266,10.149582683749774,6.629461448881005,6.462489771968166,6.028687291547262,8.116287957249906,6.728163740172845,6.025940442517861,8.981956048409518,9.129404506770456,6.099364651391943,4.200190072959076,8.511270534755383,5.973055261359994,8.185938398744153,4.044844273432247,8.338896007448964,5.183242106078828,8.096146178599787,7.021409601754651,5.569090870905033,6.389445530609829,8.029477685435051,7.158841679672851,7.876619470708726,9.964660876773229,4.653637582433423,9.425818862452935,7.156533906284819,5.6518239275153075,5.004529561391515,6.71631941383445,8.382475167886689,FLT
6.808676319433698,9.266732395371022,4.823236464922662,6.981866578230918,5.121409833380321,7.545447823937452,8.33033108514595,6.36885730947842,3.0936792150592987,7.298422220194742,7.655107827600264,7.606442132442546,8.853673287733232,5.393419480526427,8.020324158175674,8.788761268716963,4.332118623990224,7.479477738878466,6.243730253488493,6.877715990347531,7.5215147253075045,6.2691571538296715,5.986437881257582,7.051228626232037,5.369131091705796,5.371262306672222,8.019059924434755,5.276808947262015,7.999468751363818,7.693886939280927,4.411289906814105,5.983653021496517,8.79116410457106,5.528251703290477,6.303393606535918,7.693091339877845,8.175085763923892,6.622691670933256,6.103734707962538,9.133554792547761,9.608349495696368,8.468287076172693,7.127977213847536,5.78760141753861,5.7543333901651526,7.783771157898636,7.627597331333026,9.102397889419644,7.975675138804209,4.7453795473602725,FLT
8.577921426584378,5.502909059028381,6.424043092071472,7.3753003093775416,9.993501234675946,11.664877834008042,7.910084588704274,6.725205071919418,7.801758472720826,8.331483138810754,6.518998561664213,9.692817033868483,7.345106138787103,7.746614633637091,7.998886378081692,7.632379915921684,8.258410750704417,6.074120220179616,6.162547369080954,5.349768650542458,7.659251845930339,8.16840475526817,7.686659299227829,9.511738650021305,6.99160597175643,8.003112483388769,5.362448685791028,6.419350446288399,8.043306636348666,8.273653166114716,6.559049578503727,6.892601122212899,4.723189379978786,6.464456198790086,8.33557474527968,7.86280752415985,7.750998582071815,7.07466053077144,7.010594737942265,6.0095182907898295,8.048242630303802,7.631459416584085,7.738028271989199,6.210947735998629,3.7699856201931334,8.645729067630544,6.281743815987394,5.705836353935319,8.04021836787099,6.411981040121305,FLT
8.589904576069934,7.9255089243650465,8.025353984800716,4.951066433199198,8.8179159780796,7.391875796850784,6.4460842911306955,7.215082701013377,4.33564715065252,7.612979217221007,5.455942737726893,4.970994571234698,4.716461220673163,8.669032562484889,6.056104909460817,9.300591564874749,6.196297805421553,4.43896306361058,5.325213340077012,8.853717430010407,6.766152733094999,6.177569055264098,7.240027338779181,7.752674104251318,8.67609822385369,9.17274884483939,6.460347031316371,5.010928470876943,6.379802258315086,7.3904207598743294,5.554361610684084,5.564273627657435,7.5156818223248285,6.9270214726443236,7.04919549311738,5.8622569979498955,6.654398928691349,5.6136502835975435,8.33529761668718,8.552874002085629,4.230718206642859,5.6057337097113855,4.755206117364882,6.024964098389653,6.874843045314459,4.825532170452204,5.6172102803120305,5.494063941877752,7.310900994098416,7.104016505554376,FLT
5.91739366999412,7.265231308209097,6.179979873119102,6.59251733451092,9.510178135447806,9.010691577685522,5.050628144608604,8.244598626818762,8.217094831737388,5.277605066871073,8.228166465632292,9.30689787761883,5.316182790633379,5.623745768478605,8.526492200265254,7.4072429662384724,7.827214412859285,7.510883824600745,7.586043881392216,5.010291807533376,8.570976559932173,8.754384988641661,6.655913883897958,6.934784575279206,4.703338746166416,7.771382134026752,7.858086162571216,6.906713474501034,8.686530039805755,6.498884153530089,7.8469088888404,5.470503491961827,6.964671773688643,6.738468613145746,7.337961883061412,6.445709606749962,6.802791106492498,8.23907075716226,6.344853644142674,4.590134348891981,9.62437585630813,9.07218111803573,5.0616059573415715,8.034561707867791,6.245537844172985,7.39523082299659,7.4413361935202404,6.648388299525517,5.824351501620406,5.964188421525611,FLT
5.6257121267781365,5.752266687654333,6.899232564925967,5.926360016333872,8.02307809856893,9.23086923300389,6.129920137944936,7.359106750803066,7.7495276654544005,7.708003406378912,7.113932901874131,8.114023627539584,7.7233734290209854,5.143506366509053,8.30373409658391,8.330936255900113,5.855070843732127,7.056906753171403,8.024993489216603,6.686029270630957,8.609467071649018,10.54580874192904,5.821020951047526,4.928433095269337,7.455727893407314,8.082343757689216,6.653700439232846,9.179890994981552,4.992091300415127,8.039377934547417,6.09120876886166,9.579066859310945,9.988773029752178,5.850015118324978,6.17566429613713,8.289381830469702,6.4193040253157285,6.931883173101642,7.038082630813615,4.120490265703515,6.9792433808586445,5.965408338903739,6.260315766400342,9.16544800520322,5.115239658581116,8.219807780121966,6.581555604502287,6.5803597472562485,8.185557844077566,7.5100769418533355,FLT
5.855919495829296,6.452276990799292,4.503037425225016,4.081644898238375,3.3722742101633028,3.761884205031567,9.423641637963087,6.86701937110518,2.9733884506879678,3.0163130648846446,5.722799092577738,5.820897196066951,5.8233257529760465,4.617566309669453,4.811818609995649,5.4918192862390365,5.128839509439995,1.6710494408786971,4.6553005541372094,3.7228903486095297,5.262817128362768,9.477888503905115,5.551222498211457,4.529705470741403,6.382702252965879,5.724031830813819,5.630141735677762,5.910275889823507,8.084815347244312,3.3036673470111264,5.710448115217182,3.6104283050276926,5.833268969513372,3.6219702327708587,4.373949779592373,4.5573651286431405,6.463725079017063,6.37768166591362,3.131423935330423,5.082401166499773,3.9356302178762412,3.112242633986998,4.674474424363444,4.537275817316271,8.640074729518282,5.649439738041044,2.933573748868644,4.152838993743586,6.532074943144098,8.132664159304888,GC
2.6210250316430628,2.1801134222914325,7.806447763057673,5.5844212660563555,3.69756090218545,5.801943629183653,1.0463783914746836,5.005063259895741,5.491731759264628,6.386405209306744,3.4791560715611936,5.128530742105038,3.6118630609106193,5.383075633511476,3.656980516455464,4.387848741259669,3.5062769078146565,5.976704362735486,6.287676674984998,4.64806914506388,5.0573569924400426,2.8271128780496837,4.5504850279898195,4.924693074437383,8.931189636544962,3.3320494613387543,7.1962658581286565,6.495288160198712,5.420954606735204,7.6379307262927,5.558158208910294,5.583738793501893,4.920319020473682,6.835353323627942,6.644703850716326,4.061484068755681,3.021129208101849,4.6955290439065145,3.7999421534035305,4.904713138076968,6.856157202026209,4.314047517369815,4.935764928032638,5.087034102212593,6.272646323307927,1.629665999023092,4.089949557852055,5.316925538419209,6.800118434640292,4.262146328740692,GC
2.185170940937189,5.929567168949204,4.046956416761556,3.2155000113644583,4.063481915430164,4.723211963516226,4.09288300319268,1.6916509143513965,6.3455992953306986,6.912312561918084,5.977282987009259,3.293471494362775,4.697762699078723,4.990218027155813,5.898191584342865,6.002510733077122,3.8987393018322565,5.1229933346203405,5.685920606922862,7.18373348322015,6.056759809737085,6.183585031063279,5.125739941894041,7.115688717805256,5.614644193939246,3.7083681347396444,7.105054955187786,6.046854908808541,4.335433968307276,4.280760548901135,5.4448633177111425,5.694777192901377,5.295938398446809,5.466963010164327,7.549936061864571,6.607314728352328,5.285953386897536,6.411965871151224,3.4512141447086906,5.596890574920213,7.713959524599665,4.67293115691144,3.7285491070713728,4.021866667110409,3.3655504439864172,3.8228571378084446,4.444237852114957,2.891649471232037,5.023427500924405,6.353415760679971,GC
3.6383657297796193,7.2789258854626535,5.766188132791392,6.5458708784360855,4.013248169221795,6.2817878405999235,3.3620991494070305,6.335371251254763,5.257759009690297,5.8298768299771755,3.2366080915627227,3.657395236585093,5.895842327380077,3.577477993663699,5.694809438148685,2.9492932903096314,6.272261319000002,3.151215027847236,5.8284499065192845,5.938446400469001,3.954842272355638,5.87303985062709,5.390663395000334,4.1917372157108925,3.487167973885688,2.0560614624911313,5.52447507094954,2.6527958429569174,5.143016299161962,4.604827675876626,6.018714163157293,4.546931750765204,4.505828320479363,6.097806056432443,5.502587043626177,5.474233935774167,5.70390138471279,2.6966418151893414,6.135183019980473,5.918703191020404,3.4749753071352543,4.633879289488698,4.9410390685585535,4.798254823397401,5.500789949852802,7.147050172746775,6.622650091509243,3.031671209852891,5.933104985459073,6.993399979303114,GC
5.580212781033804,6.636470637778951,8.018405668551148,6.535564319160472,5.373962893462593,6.56763271112713,5.217331749645337,5.035854564927433,4.472878646429401,7.3451200382481625,3.772357001086998,7.298551587017174,5.749796185610557,2.9010407377970875,5.551473939487132,1.8499602385225637,5.938262025246553,6.327847224483486,4.11146606652192,5.185321543933373,7.93123615062543,4.241379943607095,3.411638619415099,7.222495103693898,7.943880785796193,5.005543507771771,6.517194553112534,7.0122138732963215,3.886273651192424,4.272041246948198,6.846311769732102,7.527521418062764,5.844321290261532,3.6802784697469186,7.980591667549161,4.203543653282053,4.497293328242822,5.5135067517344325,7.331240631072161,6.280963964828335,5.622298250542865,5.694932795177159,5.065272002965199,5.837209271777759,1.2056598834585452,4.5550888113953025,5.361982902375171,3.2734788745707393,5.57948497671734,4.6932931685208175,GC
7.633213547473235,7.359529587822284,4.301291646322756,4.773743432649957,4.889078651587411,4.322510785760566,5.29253747604219,3.8625768966686147,3.3040769975937105,5.934066835850403,5.944294376332716,3.7935263605100116,6.343033146143899,4.052633406252003,5.379747857056972,6.230516018918684,4.949581152944431,5.682111368211702,4.225355534168642,4.705300124857854,4.69121085367949,3.8801324801896415,4.734838755326327,2.67707255170438,4.263269379286843,4.572686759945494,4.61573037125693,4.637753831193832,4.907353700209806,5.7191622771290955,6.311775611198784,4.0253521597276,3.195198716916283,3.4369333816353453,4.269195618207609,4.472118023275236,3.845005900703814,3.0558250036251584,4.315818758788717,5.272139930170957,5.892544198753347,4.163865420337518,4.380503266784849,3.609952536729034,4.952841244437836,3.7273570487137784,5.8596917198618,2.3212002620988335,4.460555491321307,5.451661008787613,GC
5.275751774483757,9.039550495970744,5.524700036851861,3.4939181047369847,4.85680362936639,2.335630499800322,4.879100376054859,3.750415914498862,6.373085413340243,4.175689588106698,4.82485112630713,4.046663237893394,7.608277027779997,4.518135850823133,7.748835565218803,6.2212276431774,5.723100091003079,5.553099720976279,5.590695947324377,2.108491130981585,4.5816749087738655,6.267736956776482,4.926654224788842,2.8922152297946373,4.9213933241337955,7.556158274383237,6.870337573302079,4.906993985950953,6.4271739155871295,4.450239469447922,2.4441926197599217,3.6133010178056684,7.344333152762297,4.589010377256043,4.634924030937473,4.550242705587679,7.85620488435951,7.438938373043095,8.3281703501722,4.761432184399923,5.443436733120643,2.725036175868813,7.215401639177411,3.2483306730980974,5.325163345643944,3.354046208550734,4.116699759891956,3.7441063534254493,4.088187108986273,4.191315945276532,GC
4.177596807612384,6.250000867670461,3.34270581040622,5.3308121405208,6.826938728458337,4.230205453229906,3.9231216638785975,4.654213062229624,6.769587812541065,5.291161446430037,4.203178558088602,5.725814976782059,3.346561775245365,6.0220392656644215,5.612910961552651,4.538287293291674,3.7421213023291537,3.669978616574814,5.802226004518865,6.843470753733593,4.044038379456808,5.687580055327226,1.8694594720968967,4.1230734040142005,4.953411600693647,3.6354748745272496,3.595240437815606,3.998330665296671,5.43828909248956,4.719006472390438,1.642653150012542,1.818949771047401,4.089702233214237,5.686529879080328,0.878742735912148,4.250404735772554,4.210628215223869,7.082506667312671,4.422467282430705,5.574483477111393,5.211885710131195,1.8041502802891989,6.152310824947606,5.323094758184432,5.762402959511885,10.889356559654491,1.8738305907521173,7.587044974641662,4.568828720899466,5.430993356604514,GC
4.931731632048137,4.363645499902935,4.145250607641862,5.494263103359514,2.7242394549924813,6.125868751282648,4.375708392672119,3.304895991439463,4.32498071300628,6.8857238252938595,4.196997369475666,5.53768042731443,3.90356558642679,6.1368827748854295,6.028261608185306,7.772913249944617,4.736654081751177,6.00298220713686,5.147101309308417,6.943807672794522,3.9217514185869042,6.117507969315922,4.7079540558249775,4.9037177343372536,5.137628726672559,5.378360594640016,4.825656435317063,5.322069774755789,7.367177086343277,6.478174528422827,6.303731888745345,4.316690710964194,3.6661387576575137,6.432950837356629,6.314070188794691,7.209006013626473,4.094029061046156,4.655677016959479,2.540773756211849,4.41129334090869,6.494855765869171,4.300256931157703,5.960719692801236,4.7142453410032825,5.486085542332341,3.2784629152764992,5.127814174450852,0.5132960436489151,4.719655762757022,2.5542901344272897,GC
6.808991774820224,6.166111029146767,5.700006472949122,7.2815093407390705,3.576625218762744,7.6210447968733375,6.398287346390577,4.645167069171581,6.7034302207744165,3.3405597313825486,3.7632287577084895,4.087115415140449,4.206533437903977,3.415163535859621,6.834624600642988,4.611718399445253,5.528757452535319,4.1444729503794795,2.269095049177224,5.405086037587133,2.1316175368703347,4.897048930871797,2.9475274417507844,7.980913998846212,6.3670440832620825,5.1586306869072205,6.895560016482003,3.730526033801396,5.815219068005139,5.2997156505780705,5.396030122000505,6.908530250160152,6.098738154169704,5.433085494237535,2.517668845657556,3.559930557080804,4.815936599606414,5.1400585614149765,3.3046944129891145,8.617515013367631,7.2745910828803595,5.903177480588726,5.108055291925617,4.681686545148272,3.5721223099666464,5.1162207777782935,5.386628810214126,3.1373591367775635,5.501264625867346,4.7671114267628765,GC
2.1382886631839133,3.709422483830747,4.379591699867533,7.831531486010285,5.834829686800637,2.996777646350163,5.729054434126455,2.6790440165924516,6.6240365808306105,4.293313022273182,4.859545716891244,6.988694971313285,3.069254647123625,2.9043227223305133,4.124601010480992,6.557568276528975,2.7209808867847363,0.751766602834147,4.323261712386502,5.82761119986638,6.800392624608244,4.305257956871902,4.382860089325996,6.730851101383621,2.1953874504568693,4.417218837225486,5.285635834887587,5.673828081927551,4.235289960213676,5.051661517558762,1.2675089698805158,4.012627381499227,5.680263068831701,3.5265589486179807,5.0884763323843964,5.670308751204047,4.486176198713353,5.255695656494856,3.5559011520730817,4.69008308045593,5.915324254383834,5.235459441452651,4.120203095654096,5.3363246064361896,6.071914685954927,1.925088082133783,6.7386110974338465,4.495617891978392,5.638234899860345,6.7958703854678415,GC
2.942489454154301,3.93583849635868,4.567176956186443,3.8243697183133576,7.602404863755213,3.7148418592598107,4.1666798307697,5.306583547404465,3.1967757108858668,4.406478932365604,5.476179891875263,4.500709393426233,4.859919711650077,4.206001831327444,2.7282945362288498,5.482389817008858,7.632399607470862,5.027602446175157,5.337896175871324,6.039084132675289,3.096004255179951,7.553771987194408,5.303493194634203,7.447785348633664,3.900450506714016,7.727092883836737,6.162733241052175,5.829560128778538,5.351036681529722,4.627207072888326,6.800797487710809,5.21053980477207,2.0493954446192717,3.3242203074394965,4.721231371710879,5.464998474748333,4.915117266650157,6.828456184690495,2.073347203942063,5.2153819047577405,2.273031161919268,6.139568443226253,4.858311928336996,5.629414958036177,3.7041755591153507,6.919197397486627,6.562586996088277,5.875316454517831,4.8057241297048385,5.869785927942698,GC
3.9396611480189767,6.283333488531068,7.474221341485881,6.605915839968779,3.905596295288886,5.542125975909654,3.060287684362028,5.858585466763514,5.675905119293808,2.195275490701754,3.2573242341314543,4.575291654884349,4.54871037928876,3.185784596871792,5.583468094028276,5.3772104134107686,4.7085963020322215,3.8663127497624554,6.573060689624845,7.483110669632443,4.274657774230194,4.081749624267768,5.736811498117994,4.462955930379521,4.790904199005149,6.109479727587007,2.135965868739061,6.9774534872790035,5.109020786494012,4.382760283156729,4.866148768667826,4.943644032530778,2.403198044832612,7.242407341179854,5.061988448405928,5.664503195671063,6.427324655861064,3.4682563136595497,5.710207848552843,4.59853836365181,6.27015616282474,1.809158869472757,4.851358549638096,4.095769016324057,5.648394425951233,5.705066281052304,3.938561157766961,3.9317392037359347,4.834001947164006,3.655036659027188,GC
6.26297554317819,4.446189199328831,0.6395176710175381,4.437766915067291,3.4421842687340414,2.553086276808582,3.1438600426661414,5.164112707749455,6.992961242372347,5.46977671079747,4.09024491767639,5.6838562927560545,4.311364534671513,3.958099446255283,3.2684559976505234,2.3722567898724214,4.415114440160832,5.237080234880198,4.855064494977666,4.376049608078962,3.581380908954828,5.9123692875274525,3.0243021200801223,6.164041870765213,3.496674471609913,3.8713471439704477,2.7998222140764844,4.247896779671545,6.462968687716968,5.773442132665934,6.4676331680420525,5.7832138189009035,3.3444952572044464,4.503816163508664,3.829701306323806,6.99586235605856,3.2048170303605326,6.340546534083666,6.339430805163154,7.744430302574131,4.385470111055754,6.068483239370243,8.422477754808265,4.073537484599455,2.6974396287014604,2.1799849491383547,6.069068043291997,2.1752746879121245,4.441521420593116,5.655969780558441,GC
5.277763305244871,5.638167296276258,5.333434783701281,6.91829871997009,3.5715254288918046,3.984507292312203,3.841010832093764,6.245287717793915,6.350597882592595,5.676837978977762,6.775240500334892,3.232938698935429,7.500836167326705,7.2848579325683875,6.10343299586862,7.67269836315659,2.515065188483339,4.213327795606022,3.8970448089770713,6.082218985636015,3.4247888905967816,6.1362427240062285,7.05580421599507,6.042804350125999,5.425626535492252,3.518189988648876,3.7297235508119533,6.874428357945,6.169023505857998,4.941470720933684,4.373135681351164,1.9612881903329349,3.3937213719733417,7.867128630709585,3.0793166434962997,5.284219731831621,6.511165959792798,3.117615997996561,5.277065712171625,6.406873306265982,5.018748982860876,9.302604583500152,2.4971011116827073,6.588092794825818,4.740797393905304,6.157880232255012,5.661960727548869,3.900265704335005,5.34349458868901,2.2131478229025694,GC
5.904871250857091,5.447237698985789,5.957990252964653,6.587177487630726,5.551429760314567,5.222134129697414,3.6783974950080616,3.9316688545264236,6.780101930265996,7.154503108558968,4.642834345531919,5.069004120879911,3.643078437509351,6.759135267901167,5.9981252355376675,7.911826154695624,3.682515384230392,4.432988151472674,5.347168883788359,5.969734306588656,4.676498543678552,3.6905583643194495,6.3221112933853565,6.081703043818372,3.6255888491544126,7.033164201658243,6.755298063794905,5.201444745871689,5.1193967935640545,5.831086656673861,3.707445394615613,5.045047218746123,1.7714246830862295,6.314683468254403,2.657760166337211,7.255129742643499,4.504819859050325,4.682499527103235,4.058399140873242,4.567941689116886,7.127797017722055,1.268287015197381,6.915448079132282,5.507035221652562,3.189467528214177,3.387031410426143,7.514589540812304,3.581739680085903,3.269974234106061,6.7059718135470945,GC
5.5078293144288715,3.5931116351954016,5.324937463106928,3.461370974539584,6.651232097633908,6.5920564473097,5.798009298232914,5.542491591870525,7.641782187301061,4.999529491082338,3.2271888118687984,5.67421086924846,8.12907057430567,3.4778607602212217,4.457805849959021,5.624669057152179,4.919142726491391,3.526544629434028,6.682786784345707,8.48006108302589,5.294197188535861,3.6438975653959993,2.6765592124197877,5.386963971831771,6.655816014974386,5.712751619743073,4.996394238621719,4.116092522316041,3.3617545509228655,6.252126989487323,6.370657432078378,2.6814053199639005,7.384758467271026,5.861106831341002,7.09939196771869,2.9868083772723275,2.9512637668768416,4.776546035349055,5.754176640342791,7.694541234390446,6.059118370722697,4.63597808478195,3.460446188501162,6.845000859078725,3.552941861373928,7.442702832158482,4.573423025590236,7.385873108926775,6.0183969350889175,4.794506765836313,GC
4.22090544226081,4.48863818398088,5.642475038562856,5.115734744326575,4.109282887896942,4.7515528845235515,5.1178655445787244,1.8068988583777816,5.687252172183048,3.5304181629247897,3.2700013951913824,2.4689834793339345,2.3091612531981647,2.9668287453315663,3.936468563554264,7.929888706289852,4.211180486157194,5.266625159402047,5.6007220797594925,5.196597779323773,4.8838348089110095,3.207059354601133,7.176391322418818,7.710794965456827,2.4760119588159712,3.4639571136704306,4.580284486434491,3.553193307634713,5.758948330183798,3.9075916963900803,8.247584101709904,6.785822891515394,5.3188610459483225,6.540479394979599,6.658850636535964,4.154078767912635,3.775674133187053,5.117214594454471,6.292454186746916,5.208590597980127,2.6345052767135044,3.7957633340737367,4.8890407046084325,4.886501593511254,7.9588132651847125,2.921018086401503,5.758383862753812,7.233669662492434,8.407174618134194,4.393403865224058,GC
5.7371441790803,5.85464053579797,5.293222597329936,4.851732198141041,5.653963084250069,1.201630872170472,6.023104235093947,5.189266855492951,4.666287654832602,8.070293293579336,3.9875989718141716,4.395386016402454,7.987329953307102,3.751908042725215,4.174827075595192,4.779461864853725,6.261101723194324,5.31170376102997,3.061061979271606,4.201747155309215,4.088968350181683,4.884168432165431,5.6387654879447435,5.627308633831958,2.3359823689273966,6.595911481341284,5.378853268994935,7.07679807139086,5.6662974909360075,6.651984436603643,5.69981796717519,7.019338634304122,5.783375954026668,4.853127130335644,8.408652080670322,6.3335556834198385,5.86061663150662,3.085543375192496,3.0675385738046934,5.43907322321278,5.218281796652361,4.0788161524875255,5.21147404941809,7.382940392065394,6.043103711825448,3.2884872353708925,4.832736759285584,3.7925502787211585,4.418450125387158,4.379576501555536,GC
4.283531626093993,3.117296942039908,4.8085179777227145,4.159088544729035,0.6058269649965977,8.079458036752495,6.633154481325008,4.435548912612506,5.028228574610898,3.242518479023657,7.543584316716298,7.845933042159667,5.235040592369787,6.535295966278017,5.262930168400886,2.994911841686104,4.382264946554514,5.197891950157936,4.318178421884833,4.672020083847446,4.862900663736328,4.878682253201808,5.078387735746225,3.4090924004050986,3.9244757763080957,3.073123601450046,6.4667233245293,1.8415295872395134,6.730385514975389,7.079524095894265,4.546729119526068,1.0952943682590521,4.458034157049064,4.903723758066771,3.4841026701066298,4.227172409287636,7.295292798295026,5.997390743452612,3.61315382843285,2.6036012456068516,4.509474023585343,4.679814830974343,5.744298781044974,4.197024931148512,5.767249363042792,7.9027310600903435,6.223251533666394,4.927867239003841,4.725274293420058,4.464990298730193,GC
6.770961368678217,4.059029831073046,5.067834063499974,5.076796852821628,4.247323710782702,2.941301678173849,5.484461755426502,4.908494042216924,5.750360704154855,4.19959954034125,6.831231948219571,3.6848393281822327,7.568060426026839,2.3785452352576075,5.652155096835337,5.713146023789935,3.8066643980886763,5.636590906791519,6.919278004640239,1.6747717409689034,5.754117211236222,1.2600937695048837,3.551502794715188,7.443749547351418,4.127326949911919,3.239180053386541,4.703093406522977,8.101859507245328,2.252476629190961,3.423035132540983,7.246147524769439,7.786553515306599,4.844853163564574,3.141420946210036,8.143765252713738,7.391663587623795,6.01842048164335,3.78139647659387,4.926455988742945,4.759459878432754,5.496276956923366,7.176502157197004,6.319125561706105,3.3839358845228626,7.064744675029306,5.469698210019733,6.030598693788375,7.199811288917904,3.3326296257296733,4.946261631940305,GC
4.2028181729611775,2.6482108619518163,5.5200649664073795,8.767334827376636,2.239883383241371,4.951579083425795,5.96081440261216,5.184617302484272,4.83030792122639,3.0511754548312635,5.349180114410245,3.86485403447611,1.7151174425321702,6.791888330770596,6.437578729763064,5.07749146527662,5.343612032308554,6.611477019073342,5.336509485167124,6.356026332141972,4.553776698689225,6.96797560786092,5.481178588899025,5.2910779154088114,3.0949083669319517,5.430433781452563,3.7520676237583235,4.042575910207258,3.7769365575258185,3.4006476021511625,8.187157104525443,6.9970085929826045,7.880551253216392,3.165657470666654,5.1068806248663385,3.059738562193856,3.9564576842044037,3.6228095248751377,6.859376009662342,4.40565548284736,6.602569000541024,5.906181334382777,8.455458128157183,2.780833665290414,6.888849859680199,6.719661305601091,3.539931742959448,6.510700004709739,5.504217444539343,4.658785610069888,GC
3.7640967695420007,3.9213358228262214,8.07471814367889,5.001024228436224,6.173195002297189,3.8136509274986703,3.830220580667542,6.622977213874913,2.975635682672702,4.377179348142093,5.051041116608348,5.167058902760079,4.731360072475765,5.593729671643885,6.0392836337267175,6.101956318188995,3.52129428699826,4.573767353106804,6.792144292815406,6.341970781360809,2.9407108227784042,5.527219850528303,2.032662125937785,5.070402353090555,7.8466505251189655,3.5781609240965206,3.748515431762627,6.146044672359289,2.6857977271855313,4.050867455172441,5.894661706372629,4.048571228465895,4.646045019183543,6.116278565472552,5.632319125304842,5.400227594443103,4.491316581094942,5.555091672903433,4.814400979850365,5.6867084148886775,4.254601962323033,4.726146538430688,3.5150633111719793,4.947488584990646,3.7834987045567328,3.32893032475701,5.387991721783083,5.319109663786491,6.1743106024228585,4.353311645637351,GC
5.612079270255133,5.8261963584104945,5.6671607117473926,3.7615194757967867,5.224045223406783,5.546210444081992,5.010767700361913,1.8702835124433728,5.24073443596022,8.318796559095864,4.459941096864526,3.9078843532170184,5.560022839567098,5.4685673156998575,6.7891027481246216,3.1131977661366683,6.0970703788624885,5.885633091877195,4.786780194589181,5.508030976882535,6.544186222397536,6.308473070042675,3.285471031889407,6.230237280133227,4.902967092451222,5.1093111470232735,5.1097954865025415,4.7746355168026104,6.787561245660598,4.8744230602261815,3.320680807425247,4.409705216045407,5.268042075215713,6.843822176445576,5.90464202742325,3.724197081879434,8.727784875018337,5.397162966466969,6.913086106998522,4.772428349634156,5.800038867058174,6.259202756777607,6.827292067631384,6.586052458067337,6.308295500109467,4.527369903208837,4.142380937065908,5.498911265486297,6.399692108511604,4.665918948835089,GC
6.59775794857158,7.1789251182292695,3.6255186213898707,3.7446189443055804,4.7894374116419955,5.461419002283795,4.213149479349424,7.028304018300717,5.636100292277677,5.05917057236111,2.846135714197209,3.0262762753587396,5.4215138754227095,1.801106560767746,6.518956114466108,4.76276923344152,9.8646394543921,8.461874375924166,4.727826396128725,4.840494496203028,6.493372271003045,7.554758914877056,2.5429564138459746,2.32043680196797,4.066947791668428,5.874106374760797,5.745310385761396,6.604657182475775,3.200453707452038,1.5257842055466853,6.287021292953218,3.757705590552148,1.972268203417043,5.217595618939073,6.189763532328016,4.816914301818084,4.313227420726266,4.76095665178114,4.444125856398825,2.977929332089749,3.9279789845143522,5.781919857520721,5.48251781206475,5.252089708950231,3.5072772772199308,4.727745256796499,1.734402430335718,5.267714995828085,7.143286561720351,2.7888018019368417,GC
4.121108490023367,5.493660168065194,6.879263951641225,4.327663075549776,3.9616245061011552,2.046615286375875,5.155157193962159,8.063114060215616,5.416037692947014,4.96658153122443,5.483123466150478,4.983361994077097,3.780478441609805,6.234919873516558,5.338642284667632,5.026419877900486,3.536950959082625,6.955261897902139,5.997054117999665,4.170618743949047,6.502737280522906,4.253643742422189,3.8269947612334443,3.8604453237795693,2.3433971703678633,5.707313570627308,2.2532826824924745,3.157334253101356,1.8866179863822001,4.87089546081366,4.774519309592192,4.509955680220454,3.436133457994136,3.2416493698450397,5.696554795319861,4.174172102437268,5.474537482304217,3.6721269708136663,5.271594114156623,6.954917055974096,5.879248700589175,4.38137927267528,5.385798455533891,4.6390022382046805,5.0118202770420925,4.511583421777244,4.753497191171913,5.318140029611262,3.509961950627074,3.4761817595150326,GC
2.9171861692531835,2.599593343244435,3.174075961669281,5.239193760206193,3.660818726762174,5.770421696346644,5.052070623128842,2.0472436798429197,5.982463376332535,6.216197968387565,3.5092059877477197,5.630287314342487,3.7152526438862017,5.146505565122503,3.1032523895675515,2.310340321198135,4.425774215580547,4.814406580587746,4.403480459578094,3.223954162666161,4.400151406803294,5.403942128871101,4.932660454816195,5.27375154589882,3.9948271993186504,6.757576872074239,3.235739995167829,5.731340445630078,6.772836639439943,5.721362139123343,4.696213659402755,4.207554430005532,6.554131476569384,2.8655376121074907,3.5448136094305345,4.403663351762418,6.856480636267998,5.5696514540613435,3.547931362234632,4.534538441922645,4.078515283855558,3.935316511649697,6.468334337835168,2.9423853061047414,7.41317128360156,6.242344535276934,6.636292505905547,4.305590731962113,4.775088921381336,2.850272278212932,GC
4.213006389399796,5.740482271464726,6.944094592672094,3.339264774796322,4.451741094522101,4.773051169651216,2.9063161967112725,5.887023862637601,3.9140145023860864,4.706914473234464,4.322075942132184,3.8159922414204885,4.989432521779168,4.676585632147966,4.442213176582001,3.907307567479486,5.479287006174433,7.4804259027384274,5.209830849258691,6.494177322366694,2.914667112269806,5.236642158940654,3.3539475215434003,2.784612608702148,3.8909428888114457,6.787849001620359,6.425023743004468,5.3645070830816,2.700949160165104,4.705579022918095,5.452550013352603,5.263304344367897,2.2343096247788816,3.664523227970192,4.903883353776925,5.804436364275785,1.7058082683500801,4.756814036780212,5.214573154818429,6.274417982774319,6.039286376356155,5.873856978213208,3.8000892399470985,2.137996794315039,4.410420864407898,6.50244773781284,7.090181791286647,6.065823653446678,5.644011234202601,5.569459472578949,GC
4.165821879858829,4.80490955966957,7.5036042887394965,3.5861629913121855,7.422168186064777,4.516957768261912,6.9881481636426175,2.889777485753693,5.878856301746974,3.894844796078567,2.877099212113719,5.327801063616419,6.514207682893954,3.7325878421097554,2.751476059312398,4.862232853497567,4.868847006834228,5.8224794413317476,6.424391857046732,4.910877228091259,7.783254972191394,5.336352116802938,4.480360240989651,2.5826489613457584,4.606010719525749,4.495419581883295,6.440457194422206,5.693725436100281,3.230946317551074,5.2583815796165565,6.00729675759358,7.29204703908175,6.331255951121089,6.141269981467216,5.090128991922746,5.582468008135175,6.874257351059239,3.000833903780525,4.475841009174566,3.841146876865639,5.568729678089186,6.845333263476181,4.10453856991839,1.4145434487958433,4.381668882463295,6.37021059802611,5.80644485442482,5.642279371715864,4.5800100471882805,3.0814538956703204,GC
5.772941482436702,3.748577284948063,8.276145100070684,5.8557608125317735,4.129027546169073,4.082922128917057,4.8605836900796175,4.6407471169673755,6.675250663294931,5.27962425461607,3.902552391637208,7.835661027733674,5.073962497280334,6.153259513953345,4.087660238832861,5.544673441616785,5.466664986714793,2.1655260618557706,8.02291266569096,6.935966691383821,4.404207025781019,3.346595389316217,5.521342420705328,5.1300465491215945,5.533503422844844,5.2873660942911345,5.759361483958889,7.170958549087709,5.852154807692969,3.4255167516350884,7.0438442790686775,7.460921845232431,9.728085101768126,3.314758950140603,5.364323019725412,1.876851945216519,5.829723734568814,4.177699552749841,7.88516869223743,3.838077544972127,2.4662254430491073,4.293104388946221,2.036768343174294,6.126649181760965,1.9023754306155194,5.042686371774738,1.8832822702157048,4.519553293195037,7.465067233706801,5.540971837153693,GC
3.704759592552599,4.953194766591374,5.02702530806667,5.708945518765108,2.9497124550787603,5.888850910770996,0.943412552595837,4.0551731714542845,4.267589236322683,5.9499902391068575,5.033946279015304,2.89165541921557,3.5225103112744773,5.298020014321111,4.881398987203165,4.13131383554638,4.278749315732031,6.044251995738934,4.223461140696178,4.86786313395639,8.254904882120815,2.8644760446741153,2.222235902638012,6.175384497197911,3.982035408058845,4.522643708386069,3.8282654328033288,4.610299788848732,7.397807168144512,6.203192687927179,6.293335267830466,2.8756594163110316,3.273269395170696,0.7413820107718596,3.785928768375869,6.435054779578488,5.7754197736225565,4.667730105571814,4.96654957442292,3.9666716861368916,5.307138323602676,6.148817419220922,2.5761698188842908,5.449471531756022,6.398652306432001,4.377349566554946,6.051050918180875,9.22198166670883,4.843485810519662,5.589960575007986,GC
3.892914374507913,5.271876743903076,5.690407437473456,5.292263510405207,3.470457020436715,5.309542656988176,7.1932939080764555,5.672953646771791,6.442980783607761,4.644482044981059,6.124850359135566,5.418901757324789,3.573633905469152,5.477781507198312,3.512455004839534,4.050679587672812,5.283992460938562,5.445866410070186,3.2161513023843065,6.580978656774314,5.85800941745071,3.942907346583674,2.693622805326237,4.782643131377853,4.33108442920826,5.169710685579534,4.45532500826665,1.9888147088824852,4.417479592548262,4.54157133339753,5.9504915371610885,3.9527004880834253,7.5180120100588494,2.1325391740223645,6.966751246703937,4.663521543682843,6.289377308515334,5.1197022260880996,6.7093333040382035,4.418957053170783,3.352069362233282,7.130756430906595,4.8297790311767885,5.332337710436316,6.852127871067193,3.4520671368583478,5.893236346458886,4.1151578653056635,4.801745966533442,5.108418448076433,GC
2.749667207829596,3.8317444357693478,7.026609338619709,6.329286782877194,4.906040634009147,5.364685187769339,4.558636241545313,7.034875078741973,4.699471133308754,5.347763138202272,6.719045216213098,3.83394277273114,7.338183776745341,2.7043078853849347,7.444463196669198,4.440986624072038,4.635951878262078,2.1649847432255855,4.317807923933461,3.4402902034596736,4.088530481939791,4.794033551316681,6.436687421709358,5.311405027100939,5.461514980101671,3.3567209167316565,3.6788688655959048,7.698087527526968,3.8971984478551303,7.484312378085944,4.6354082016787,5.003431904215256,6.605547740344894,6.907838632907985,4.833781159581369,4.4176354197176915,4.9161193272166805,5.506936292348177,6.336955530304634,5.006344788491227,5.928329447034731,7.457539598406411,5.571964418397177,5.467479284007167,2.721633762364898,1.0539047947564049,5.5825635938452525,4.857763653078692,4.227825987627887,5.365295306279517,GC
4.909394406204638,6.691670375950848,5.129166302388467,3.8796150723947487,6.485249358438933,4.6743033875806965,5.7898050255084605,4.283883940710799,4.025259671753846,5.1262523452785445,5.019242965315527,5.71974055305025,4.597031370035387,2.2454603243444042,4.350839174617417,6.1907277007157235,4.55393588113534,4.6304248962281775,6.479564758858905,3.932040159111616,2.6857951726356504,4.759053320711758,4.273739073126895,3.550630520370119,4.736932316151964,5.7372584708701755,4.986067157648276,5.460471609029357,7.720111547773135,4.4856817076636535,5.417522951967005,4.2361799561012985,3.730460420169541,4.1226385198733455,4.2818621427174675,5.539213696320688,8.523613680051136,3.9259348455862395,4.375062041576806,4.905315480333128,5.5936982730646205,5.395326217932178,6.926143690922176,1.3604118941971874,1.4196051947064907,4.256182741984776,6.645950281315563,2.6515279525916053,0.48855149045936397,5.856769109328813,GC
5.365485835554072,3.3646873898008556,3.521690598918605,3.5453844205479883,5.165802976210911,4.060527085725489,5.7410958784632795,0.7180600056434132,3.714722202308301,3.3109190586334245,4.615488982441262,4.192928362264793,6.19676566984365,2.2109948425099137,5.068237214496128,5.8375046348175585,7.784971154842932,4.277351043359787,5.4866879065287755,2.2942058111564525,1.4120656935304643,6.26716156367255,4.9916595595278945,6.7677690346976345,2.939895666545376,5.779853209293129,7.80322676081578,5.629558412535899,5.414872258386573,5.012834121236525,2.6436778143111317,7.033359403565522,4.083713540292401,5.756724884574526,2.65544854014312,3.230810503238329,7.1526310988333535,4.479046566563236,7.179913214063816,4.882654011412224,2.237153340563214,6.338101399597581,4.115161523366588,6.048033220275565,5.037816301310123,2.6853226580856946,5.246442148055854,8.294334713229198,5.739479687771689,4.913723370491805,GC
6.613015102935346,5.316002697804667,5.314301345394192,3.362562241761346,5.350772038684397,6.5531651246254174,3.7459067718499632,7.136743731870421,4.862440963782311,3.668345732692189,6.496448115380367,4.569808646392596,6.1392723312291615,4.562362051612194,4.9102607847051445,5.740340306501437,5.436345586385009,2.0067023293223922,3.3181343898584124,6.394114977186224,4.801795116647679,4.214403045842867,2.9621389771137885,3.3803955180862273,1.9673020400570786,4.8480789219477005,4.10234362912843,3.5501181635220274,4.897814862248071,5.545955946279107,8.139796898314916,2.7321748706551796,6.739071564950783,6.459652341522608,3.831360890934949,5.304853931879046,4.313550125993578,5.2785328706281085,7.263696520106826,5.90840934894697,5.762912559850163,4.3545360200680365,2.773915002613497,4.687297684189388,6.809912232295873,2.7092482151155286,3.4173659477349574,5.189401604351103,3.5230178227291065,3.811214829327181,GC
4.364602127407735,2.9515738937147757,3.5388172306754475,6.055141875180963,3.038945326653554,2.6031917982577433,4.054962530699158,6.097933253764769,4.704617288004665,4.303128382826572,5.06653819627341,2.3814388507105217,5.742058480662549,5.575152547105466,4.386037288856418,6.508886767694625,3.308755851570442,6.691863489880354,5.231740498392877,4.49517111518274,4.970189546947533,4.839102851283587,6.830424344626575,3.38498130879348,3.856221141280103,6.5544543381087195,4.106697597224211,6.350799615997388,7.5491539745130645,4.39730745958755,6.022043489862958,3.2694615779902123,6.132099947101714,5.299135978980151,5.709557423240323,4.031641891946908,2.508374876649241,5.754878097124257,1.904895271280818,4.523974261636198,6.411772799629954,5.287846603809554,7.92251396718472,6.53766372887266,4.019152417511635,5.040970069777158,4.928943946183346,2.626734854980809,3.58940162527347,4.15885863953021,GC
1.9456692457160951,5.0712402023774645,4.626392233020439,2.4906591480326385,5.606319297915999,6.073809117036439,5.340551718297333,4.513897737186545,5.8871632276277825,6.020330540715037,5.461105354579533,3.7630816243478584,5.414901148266771,6.793220976238219,4.105056412082405,8.146909008698646,4.211553599021923,5.048610520010205,3.991271605990496,5.3349062538803915,2.3866674610470873,4.180937301774918,3.361818199477149,5.203007521838436,6.491671063263361,5.969009280671827,1.4425109587116616,8.063104479391821,5.442919910931303,3.8352512892604995,5.235691878486412,5.264284733754039,3.9997269245726548,5.296875001013113,4.088791568569539,4.3934570109649655,3.9705812963673734,2.850993065390521,5.218754705323076,5.877949154774507,5.772325394114558,6.229887878952852,5.4865103150223025,4.200911752674645,6.2594957966467835,2.9637236902370976,3.64899292623128,3.553699892865133,6.620084088708966,6.414182771210113,GC
5.7309578555674925,6.607894797817696,3.681075826382018,5.522892679791471,4.812238357425254,6.270323155827371,4.827163651171704,4.422585667384878,5.8113627778414845,6.3142537507868495,3.9974822077297976,4.908386492971436,3.412339049537521,1.252908473760591,5.300689447120593,5.913358034381948,5.393100213630088,2.0756574233684493,4.473725854885288,1.6724783599233781,7.054551661481277,3.370918126822871,6.883105414189845,6.418804465526218,3.6491144711959076,3.3008225730983822,5.525555324579507,3.7335139442253933,5.153726963237311,4.275758613789622,2.3282623783015497,1.6542979713133112,5.340026372741896,4.1576633805040615,4.170365274628802,6.0437957586406785,6.760163414948668,4.591182917957286,4.489101939635208,5.750214549670826,2.964596645450637,5.334729582121546,5.827828957733231,6.020345312626444,2.094870946246303,3.8579670952865888,3.6826051207648,5.14983043161382,5.721116869651976,7.245065611168972,GC
4.2575517794478905,4.2536412525361795,6.7245080283181204,5.444865407795458,6.901477266781961,5.433092004514754,3.264325071930094,3.00030746783329,2.6727316264116063,5.99307775213771,6.782895234630512,7.7740432120795715,6.264657998484861,6.744257866302479,4.129975501019473,3.265376274884215,6.27511899862633,5.6265211283591015,5.1611665615113385,5.581057220949485,5.484778223687309,6.925725289780342,6.9424783772254335,5.8163305285105205,6.268704308844392,5.771093828637164,4.308245401948072,6.13484701236971,2.9082573967111074,6.580837328443825,3.2082155903509473,5.428704930192099,3.7322690623607615,5.83008347461164,4.949112161108137,2.6078660627550017,5.631049446527719,4.133118834750934,6.321720081220054,5.001988533101611,5.593131478082057,3.563646567477182,4.116001652858957,4.312042045848373,6.285053720363834,7.5160656317082335,3.7922423723856857,6.61527221698652,1.7454838734114468,3.2087158983615662,GC
3.5618323157198377,2.9712369658389166,2.62461741531863,5.619498368206696,4.678898453408208,5.569108096407665,6.03570902918227,5.3984254897588,5.98664476422556,4.895701570636596,3.219509917541383,6.586721271231195,4.116331800828309,3.596605551856361,4.733123186293403,3.6307836210552304,4.373854427015852,5.5160808823452,5.5225126088691905,3.653254900361556,4.268441940576883,6.611499507155365,5.744600176600912,8.112597559022813,6.7701922606122915,6.716439602839909,2.918197174316297,6.145790527450134,4.920339797454634,4.173527294692626,5.252023010798792,6.417817301917225,5.751247386506318,3.6822892979869097,6.11368837038893,4.043618686886054,5.32502467844643,4.544974898784298,4.671700622396561,6.149364462560764,3.439709420276153,7.9177926114154,2.2683708960582556,4.103498475117714,5.5553178349126116,5.8764712496529645,4.849286419142443,4.913913945497686,5.615825127991425,4.65339578381348,GC
7.0897718869023585,6.2590236713474035,6.309236526508451,3.5507649149443745,4.880917363391446,4.549301076918945,3.4915979364658014,5.54024627591865,4.193531363330275,5.983105744775355,3.3947126556585023,7.578560919262731,3.655501012111907,5.328953505800654,6.187788965582101,4.144039354699831,6.278702965149426,3.1562246032993757,7.178176548773841,5.021223897448637,4.10538288804668,4.551227341358849,6.21337890408908,4.123317062224343,3.8759634658658335,4.667695103624393,3.234556830845048,7.730815861912723,4.150408113177916,6.247425179270605,5.314205125471659,3.5231989242770476,4.991067936180906,6.176004168966122,4.71760799737054,6.789669418776542,6.532273089172795,6.3783722819874935,4.310514841590504,3.3802363283277694,4.079618591955809,5.2943614110000805,5.818680070298534,1.7426428928593287,4.987830197582374,5.237133837984777,4.583683615526673,6.936910758523818,5.6326701113763065,6.965287862121345,GC
4.676059219474651,6.406216238760387,7.452599591791279,6.967540173908992,3.3617876098569006,4.619485883686428,4.482252941825306,5.7338818026144915,6.0295303325218,3.7416609889613954,5.101757770875406,1.9701090017657954,7.162917508702835,4.23143863898496,5.083795909766746,4.535525429017908,6.719041362520123,0.7437403379039313,4.975084486511136,4.8412718637534535,4.319545418612476,7.589339818453449,3.6690058117163433,6.1576942658534914,5.534379183059126,6.892278878803274,3.999216372833742,3.900546651314362,6.644104861216098,5.637981962495165,2.682593979984862,4.191042478305095,5.579573980772091,6.2566463323198835,3.9811540202105675,0.6286160152745879,5.78483477860555,3.1695189650840363,1.973991802816383,0.7515111125237883,6.220971290296612,5.192926175607449,4.661515428931622,7.083536544444143,5.9559870245346085,7.424450064082874,2.910896791749505,4.948174064069055,2.574929937577979,4.655926502216799,GC
4.627076219349984,5.939920455894606,5.068345821712848,5.935110707419874,6.055160199708341,8.232393016074713,4.527055017070813,3.5884659490004314,5.369125422974613,3.7965799592906846,7.222941152654804,4.575172941582151,4.1516354481890145,4.293026418273323,6.077626135207462,4.763379525152772,4.037499769804427,7.498027876435296,3.715745239007375,5.05334911104949,5.978459227415346,2.55299733437439,5.720390752108887,3.417338486779326,6.234174171251004,3.5560234821215353,6.0391535477732905,6.65874959944207,6.292154788449207,5.376974972357154,4.65304858560545,4.135370635497734,7.206552036225656,3.950757169748535,3.4444008896450056,5.998053402549245,3.805794795220257,3.5749047538008094,2.8345936067453525,4.2756352408092235,4.87592746415526,5.364637591491048,6.426959366449225,5.790346885498691,4.71369167067023,4.70270648543042,5.765236203372775,6.908855244392854,5.189471299224801,4.296303718684387,GC
3.5107009983716817,2.8321921033816615,5.999404508065284,5.866967785459336,5.8660452876599924,4.807010830471916,7.1104021188376265,4.273822258122774,6.4329038558108085,4.9418856575156855,4.0874738529809935,5.888795460976642,5.614454178025991,5.535459138900389,5.121917633084298,4.9431603774247534,8.582557989305657,6.776384967794259,6.084240342478268,5.1676987373050824,6.510735800895004,5.776992164587178,5.039307129161053,4.544653512101127,4.878623993505967,0.2443613961829163,5.315901258946463,4.267285879834461,7.389004997424326,5.0290161062176315,3.216554870697557,4.925179768807824,3.4308183724062435,5.7101111235687,5.436421046509228,6.436759446662402,3.813677312458152,5.05101214434222,2.952467306860047,6.0522421728870714,5.778306770660183,5.743707531541356,5.002428547035412,5.622159336183186,7.406508662462894,4.572358614436979,5.207967775565127,3.370810551227885,3.6976085576025017,5.146719939639961,GC
6.655900320052861,4.615578763622642,4.646125206031814,4.389672133243438,4.197864993733515,5.442457183563232,2.754113532232033,6.921409365000091,4.00186655280581,6.082855228157213,3.095002103909186,6.003260195819327,6.007916911721747,5.576303108008845,3.5083572173003117,5.374322284397116,3.2254157228984166,4.620855117355722,6.54411965143299,6.195052890606113,5.02277441381065,3.537790136115737,5.96838156826129,5.029071856547038,1.519526602654365,6.173944739474777,4.963650749195462,6.803676871974608,3.357094221735793,0.23494428020599933,5.418625787517778,5.437345515022959,2.463992558590322,3.5322506812000904,9.132826615579852,4.541584078769295,6.096438464564324,4.024010258947424,1.864545651720265,4.7446126298061415,4.601593159570842,4.400182641997443,4.828038746740411,5.396402407468455,4.77482457311929,3.1039907480789544,5.729277187342908,2.0759423670163653,1.9244638140736994,6.108770742052352,GC
5.760530408203035,4.913906952388946,2.906827242867392,3.938133588988887,4.605879878470244,2.60615904713883,3.8914570129651507,5.97849550726502,7.140958046433825,4.370847871012174,6.134732531474148,2.128909894118799,5.989176861670417,3.7940773779087786,5.461018425061955,4.628371372640436,6.9806210146757515,3.688346527490123,5.941409446342747,4.5807388050552,4.762541782985505,4.724219160261185,3.7314903432588307,4.978851551139993,4.906027666817268,5.361860372610094,5.126757718539293,6.196991824418355,6.3852629240710534,3.4240650172582985,6.303158750886157,3.220495359335218,5.881783832206603,5.929608177054303,2.133024662506244,5.139468869794115,4.297255829959527,3.8618521130969374,7.0262784960485085,4.019481289043871,3.7904346063229255,5.11354241000764,6.028384619447625,4.78752712098481,6.749555818503878,5.796463492946136,1.7326830204028543,4.205799554739487,4.157236850972452,5.7190414301441335,GC
1.0627744154388323,8.823514563076582,5.796539142341315,5.223315205876537,6.772351574628719,8.515481079218937,6.306119966882605,6.42321964470743,5.196035036696573,4.7877113699495775,4.286306833992648,3.760832012428187,3.969478850450754,2.974166053485525,4.886192823972465,2.4729986341604198,5.286374786215566,4.945504087936487,5.220402947580031,4.216802644970011,9.615290555270755,7.040173850270469,3.133186249872916,5.349302131140347,4.087990785594014,3.478280409938879,2.9898918933140974,5.648325036138881,3.977929647395639,6.451739036037806,6.490673321795659,7.060871577817174,3.7214198508888447,5.713048416038015,5.948681324963451,4.288732737344053,3.8423420639106873,7.414280998663959,5.341243813598081,5.953951626067607,3.766885982258109,3.171073300216709,4.145825338261835,4.813967918915004,3.403669989773977,4.985232787024425,2.46724221789725,3.3199288662951916,6.006366872415313,5.9056857804168414,GC
4.412184851919701,3.4733535363845705,3.4588946727109837,4.440097631088029,5.966777737467937,6.392368537016487,4.2552023967770465,3.269761361022824,5.4017654567995,3.764697544061226,4.222621041708196,6.987914135655556,6.240673142848652,5.236961468377178,3.0921214983309158,5.317094851205988,6.59398593618129,4.4365495013516965,7.026671134980073,6.939117934277311,7.4955992482152105,5.457864689797029,5.881087549709019,7.121280932496635,5.671090905603464,4.248148838314681,4.327185745208208,5.357832430660609,3.064157867080672,4.785111626953711,6.644820677345381,1.7131192232520784,7.301723152691773,6.68356132805474,4.310353076254286,5.815086241807714,5.00472159035949,6.8449855526580246,6.474024714154911,2.899893915225486,5.880893620196265,4.691558219535128,5.12424885577715,3.907742148545277,7.6222056036812535,6.560092729853864,3.890343254040549,2.9980840896346512,4.421491053533227,5.6517539691369585,GC
5.360308765919335,6.879699237152365,6.184879583271279,6.45435353862936,5.490283100915656,2.9160519046835147,4.706452203279648,6.590134609862998,4.922715607213031,5.75463555293562,4.5218775271308,3.4552822271872325,4.814983903930834,5.463571164548981,4.0164684208078345,4.646433132714997,3.590805137021026,6.678867376346144,4.558316363617949,7.179133317689274,7.293121775811363,4.878431052917384,3.4873269011789754,1.8711531833999944,2.791944390459813,2.93924776265201,7.067704441192257,5.173736880840419,5.584406786137982,1.6693684865973113,3.2030503561741077,6.330619664669431,5.430161168573879,4.779192081971604,5.847263537900184,7.453696709203722,4.668436304694424,5.104054703987104,5.288895378096957,8.588164452910988,1.8509656033714617,6.0248345221832125,4.827796626861405,5.85015758927627,4.013941169007913,4.926552453712325,6.0671158691982425,9.669365301565762,6.2120542841031074,3.727901602954237,GC
